"ID","RUT_EMPRESA_O_PRODUCTOR_MINERO","NOMBRE_EMPRESA_O_PRODUCTOR_MINERO","NOMBRE_FAENA","NOMBRE_INSTALACION","TIPO_DEPOSITO","RECURSO","TIPO_MINERIA","CANTIDAD_MUROS__CONTENCION_","CUT_REG","CUT_PROV","CUT_COM","REGION","PROVINCIA","COMUNA","UTM_NORTE","UTM_ESTE","DATUM","HUSO","LATITUD","LONGITUD","ESTADO_INSTALACION","METODO_CONSTRUCTIVO_MURO","VOL_AUTORIZADO","VOL_ACTUAL","TONELAJE_AUTORIZADO","TONELAJE_ACTUAL","RES_APRUEBA","FECHA_RES_APRUEBA","RES_PDC_APRUEBA","FECHA_RES_PDC","Shape_Length","Shape_Area"
"0003-1N","61703000-4","ENAMI","PIRQUINEROS DE CHOJA","RELAVE 1","EMBALSE","ORO","METÁLICO","1","1","14","1405","Tarapacá","Tamarugal","Pica","7670700453","5126732958","WGS84","19S","-21064578072119","-688780054368971","INACTIVO","","100","","150","","","","","","606892603374205","193734167348863"
"0006-2N","61703000-4","ENAMI","PLANTA JOSE ANTONIO MORENO","PUNTA MORADO","TRANQUE DE RELAVE","COBRE","METÁLICO","1","2","21","2104","Antofagasta","Antofagasta","Taltal","71912877934","3535010335","WGS84","19S","-253880207554352","-70456289970482","INACTIVO","","1121664","","1682496","","1161","9/29/1992","1530","6/4/2015","184219024069059","179250784511167"
"0009-3N","61703000-4","ENAMI","PLANTA MATTA","TRANQUE DE RELAVE 3","TRANQUE DE RELAVE","COBRE","METÁLICO","1","3","31","3101","Atacama","Copiapó","Copiapó","69683561377","3760869948","WGS84","19S","-274025264242647","-702533675581345","ACTIVO","EJE CENTRAL","18419769","17764894","28233659","27180288","1904","7/24/2019","2649","10/22/2015","460870542484911","907988290639633"
"0011-3N","61703000-4","ENAMI","PLANTA VALLENAR","TRANQUE DE RELAVE 3","TRANQUE DE RELAVE","COBRE","METÁLICO","1","3","33","3301","Atacama","Huasco","Vallenar","68389792318","3303101867","WGS84","19S","-285649932542488","-707348373439102","INACTIVO","AGUAS ABAJO","2358313","2351045","3938383","3879224","1692","9/2/2021","1574","6/9/2015","158351134399171","155706294338735"
"0018-4N","61703000-4","ENAMI","FAENA DELTA","DELTA","ESPESADO","COBRE","METÁLICO","1","4","43","4301","Coquimbo","Limarí","Ovalle","66227403806","2861808565","WGS84","19S","-305086340978076","-712281215817986","ACTIVO","NO APLICA","6666667","608450333","10000000","9126755","441","5/18/2010","","","417448362855689","100174682950367"
"0022-1N","96567040-8","CIA. MINERA TECK QUEBRADA BLANCA","QUEBRADA BLANCA","QB2","TRANQUE DE RELAVE","COBRE","METÁLICO","1","1","14","1405","Tarapacá","Tamarugal","Pica","7671819005","5158193404","WGS84","19S","-210544468815943","-688477316149146","ACTIVO","EJE CENTRAL","100","","1240000000","","3333","12/4/2018","","","92922026150817","841055581821319"
"0023-4N","78126110-6","CIA. MINERA TECK CDA","TECK-CDA","HIPOGENO","EMBALSE","COBRE","METÁLICO","5","4","41","4103","Coquimbo","Elqui","Andacollo","66492708718","2974370194","WGS84","19S","-302713358511332","-711057546795926","ACTIVO","AGUAS ABAJO","297000000","170305774","416000000","238428084","1050","12/29/2008","1680","6/24/2015","125195319587473","467826350235639"
"0024-2N","77418580-1","MANTOS COPPER","MANTOS BLANCOS","TRANQUE DE RELAVE","TRANQUE DE RELAVE","COBRE","METÁLICO","1","2","21","2101","Antofagasta","Antofagasta","Antofagasta","74070834713","3931790877","WGS84","19S","-234427070363854","-700457447180925","INACTIVO","","5333333","","8000000","","1218","7/12/1979","209","2/14/2013","375434103449229","754496747754934"
"0029-2N","79587210-8","MINERA ESCONDIDA LTDA.","ESCONDIDA","EMBALSE DE RELAVE","EMBALSE","COBRE","METÁLICO","1","2","21","2101","Antofagasta","Antofagasta","Antofagasta","73080509695","4930926972","WGS84","19S","-243406975474084","-69068091470677","INACTIVO","NO APLICA","40158","","60237","","","","","","628110423857185","251522587596343"
"0035-2N","79873300-1","CIA. MINERA CERRO DOMINADOR","PLANTA CALLEJAS ZAMORA","DEPOSITO 5","EMBALSE","COBRE","METÁLICO","1","2","21","2103","Antofagasta","Antofagasta","Sierra Gorda","74773517523","4592299715","WGS84","19S","-228109609908827","-693972747661922","ACTIVO","NO APLICA","237152","169568","429246","325181","","","","","692731655146538","329593492239358"
"0038-2N","76485762-3","CIA. MINERA ZALDIVAR","ZALDIVAR","EMBALSE DE RELAVES 3A","EMBALSE","COBRE","METÁLICO","1","2","21","2101","Antofagasta","Antofagasta","Antofagasta","73264384602","4960590011","WGS84","19S","-241746323778791","-690387995339729","ACTIVO","NO APLICA","14957106","10855404","22435660","16283106","938","4/12/2017","1647","6/19/2015","63209934648823","161567817124426"
"0039-2N","88325800-2","ALTONORTE","FAENA ALTONORTE","EMBALSE DE RELAVES","EMBALSE","COBRE","METÁLICO","1","2","21","2101","Antofagasta","Antofagasta","Antofagasta","73665702713","3629739371","WGS84","19S","-238062898401222","-703451191123434","ACTIVO","AGUAS ABAJO","823667","643309","17205000","1993275","1786","9/9/2005","1616","8/25/2009","313682731612308","552253040175971"
"0040-2N","96508670-6","MINERA MERIDIAN","EL PEÑON","EL PEÑON","FILTRADO","ORO","METÁLICO","0","2","21","2101","Antofagasta","Antofagasta","Antofagasta","72995872649","4503153781","WGS84","19S","-244163623328326","-694900735081056","INACTIVO","NO APLICA","9866667","","14800000","","85","1/13/2003","137","1/29/2010","20580338462396","270326734908616"
"0047-2N","76765460-K","CIA. MINERA NOVA VENTURA","PLANTA SANTO DOMINGO","TRANQUE 2","TRANQUE DE RELAVE","COBRE","METÁLICO","1","2","21","2104","Antofagasta","Antofagasta","Taltal","72232313281","3487855657","WGS84","19S","-250991732366542","-70499607892322","INACTIVO","","1570000","","2355000","","3834","12/19/2003","","","258104074348755","303446566272374"
"0049-2N","79963260-8","MINERA LAS CENIZAS S.A.","LAS CENIZAS TALTAL","LAS LUCES 2","TRANQUE DE RELAVE","COBRE","METÁLICO","1","2","21","2104","Antofagasta","Antofagasta","Taltal","71603657113","3410776894","WGS84","19S","-256658799288142","-705834103028418","INACTIVO","AGUAS ABAJO","6333334","6331078","9500000","9496617","2921","8/1/2003","160","2/9/2009","302780793459329","29863090690994"
"0052-2N","sin rut conocido","CIA. MINERA SOLEDAD","PLANTA SOLEDAD","SOLEDAD I","TRANQUE DE RELAVE","ORO","METÁLICO","1","2","21","2104","Antofagasta","Antofagasta","Taltal","72223818792","4446725171","WGS84","19S","-251134108337315","-695487864218543","INACTIVO","","40000","","58000","","1602","12/31/1992","","","359089268730707","689189938298805"
"0067-RM","61704000-K","CODELCO","ANDINA","OVEJERIA","TRANQUE DE RELAVE","COBRE","METÁLICO","2","13","133","13303","Metropolitana de Santiago","Chacabuco","Tiltil","63428796427","3323315319","WGS84","19S","-330396960303142","-707955457522894","ACTIVO","AGUAS ABAJO","1286666667","4241633566667","1930000000","636245035","654","5/16/2014","2777","11/3/2015","219730398495749","126821704639757"
"0068-6C","61704000-K","CODELCO","EL TENIENTE","PISCINA EMERGENCIA","EMBALSE","COBRE","METÁLICO","0","6","61","6105","Libertador General Bernardo O'Higgins","Cachapoal","Doñihue","62145778962","3292038771","WGS84","19S","-341958251172268","-708536316557268","INACTIVO","EXCAVACION TERRENO","10924","","16386","","","","","","355900311681076","701292402781789"
"0070-11S","78543580-K","C.M. CERRO BAYO LTDA.","LAGUNA VERDE","TK FACHINAL","EMBALSE","ORO","METÁLICO","1","11","114","11401","Aysén del General Carlos Ibáñez del Campo","General Carrera","Chile Chico","48404813828","2702155366","WGS84","19S","-465499448954929","-719974592620872","INACTIVO","AGUAS ABAJO","6650000","4982576","9179105","8159680","1040","5/19/2016","","","28742442098833","304767379562695"
"0083-2N","76081590-K","SCM SIERRA GORDA","PROYECTO SIERRA GORDA","SIERRA GORDA","ESPESADO","COBRE","METÁLICO","10","2","21","2103","Antofagasta","Antofagasta","Sierra Gorda","74722306592","4600056132","WGS84","19S","-228572406614373","-693898485901807","ACTIVO","NO APLICA","900000000","212903491","1350000000","404516632","534","5/2/2013","","","234790126850533","171735178954482"
"0084-2N","78097950-K","MINERA GUANACO SpA","GUANACO","GUANACO","FILTRADO","COBRE","METÁLICO","1","2","21","2104","Antofagasta","Antofagasta","Taltal","72249444341","446221566","WGS84","19S","-250903255596","-695333217625311","ACTIVO","NO APLICA","2411764","1331240","4100000","1970235","1591","8/1/2016","","","240663273205624","325496046852304"
"0094-2N","86542100-1","MINERA SPENCE","SPENCE","SPENCE","TRANQUE DE RELAVE","COBRE","METÁLICO","7","2","21","2103","Antofagasta","Antofagasta","Sierra Gorda","74839073442","4674778215","WGS84","19S","-227519207111954","-693167696802857","ACTIVO","AGUAS ABAJO","504700000","73431276","681300000","99132223","1293","5/11/2018","","","188453540467235","70341395362291"
"0096-3N","8226558-9","MIGUEL DAY","PLANTA DAY","DAY 2","TRANQUE DE RELAVE","ORO","METÁLICO","1","3","31","3101","Atacama","Copiapó","Copiapó","69695077537","3673830504","WGS84","19S","-273913135640964","-703412626925369","ACTIVO","AGUAS ABAJO","36492","68106","54739","102780","828","8/9/1984","","","399035420133535","701823789642059"
"0099-3N","10505201-4","JUAN ZUÑIGA VALENZUELA ","PLANTA SANTA LAURA","TRANQUE DE RELAVE","TRANQUE DE RELAVE","COBRE","METÁLICO","1","3","31","3101","Atacama","Copiapó","Copiapó","69655931329","3698785345","WGS84","19S","-274268860000027","-703164480359305","ACTIVO","","31200","24137","46800","36206","1767","9/29/2000","251","5/19/2017","276054612764359","558280509863383"
"0100-3N","8122622-9","LUIS CORTES JARA","PLANTA MARIA ISABEL","TRANQUE DE RELAVE","TRANQUE DE RELAVE","HIERRO","METÁLICO","1","3","31","3103","Atacama","Copiapó","Tierra Amarilla","69644704506","374351122","WGS84","19S","-274374390778208","-702713238505027","INACTIVO","","49000","","73500","2180","702","7/15/1986","416","11/6/2015","44800274109655","908980682494913"
"0104-3N","5877510-K","PEDRO JESUS CASTILLO VEGA","PLANTA RAPELINA","RAPELINA","EMBALSE","ORO","METÁLICO","1","3","31","3101","Atacama","Copiapó","Copiapó","6969357021","3673056704","WGS84","19S","-273926664924174","-703420615532386","ACTIVO","","37461","15100","56192","4520","190","2/4/1986","659","12/30/2016","330826932796771","675781467115904"
"0105-3N","76579210-K","SOC. CONTRACTUAL MINERA ALIANZA","PLANTA VIÑITA AZUL ","TRANQUE 1","TRANQUE DE RELAVE","ORO","METÁLICO","1","3","31","3101","Atacama","Copiapó","Copiapó","69667718386","3697487863","WGS84","19S","-274162350071985","-70317634133558","INACTIVO","AGUAS ARRIBA","4800","","7200","","521","5/19/1986","","","204901193007221","30072070222746"
"0106-3N","76579210-K","SOC. CONTRACTUAL MINERA ALIANZA","PLANTA VIÑITA AZUL","TRANQUE 2","TRANQUE DE RELAVE","COBRE","METÁLICO","1","3","31","3101","Atacama","Copiapó","Copiapó","69666576178","3695329228","WGS84","19S","-274172452730571","-703198296161068","INACTIVO","EJE CENTRAL","268920","227264","403380","340897","30","1/8/1985","345","4/30/2014","107644525006296","740603126486206"
"0117-3N","76313270-6","INVERSIONES NUTRAM S.A.","PLANTA COBRE NORTE","COBRE NORTE","TRANQUE DE RELAVE","COBRE","METÁLICO","1","3","33","3301","Atacama","Huasco","Vallenar","68408437919","3300666403","WGS84","19S","-285481386077935","-707370500772125","ACTIVO","AGUAS ABAJO","439215","603854","672000","1545563","763","9/8/2008","147","3/11/2016","117817223886196","101893057798017"
"0127-3N","76845300-4","INVERSIONES E INMOBILARIA COYANCURA LTDA","PLANTA COYANCURA","AMOLANAS I","EMBALSE","COBRE","METÁLICO","1","3","31","3103","Atacama","Copiapó","Tierra Amarilla","68945795199","3982248261","WGS84","19S","-280702790457327","-700357566847602","INACTIVO","","42375","73718","67800","110578","190","3/12/2014","232","5/10/2016","74933104073615","256047635361211"
"0129-3N","77134510-7","SCM  ATACAMA KOZAN","KOZAN","EL GATO","TRANQUE DE RELAVE","COBRE","METÁLICO","1","3","31","3101","Atacama","Copiapó","Copiapó","69712539852","3747957691","WGS84","19S","-273762528344425","-702661276366533","INACTIVO","AGUAS ABAJO","14200000","14162908","21300000","21244362","218","5/17/2013","2498","10/6/2015","386504742239967","549558280248956"
"0132-3N","77268230-1","SLM NENITA PRIMERA","PLANTA NENITA I","EMBALSE","EMBALSE","ORO","METÁLICO","1","3","32","3202","Atacama","Chañaral","Diego de Almagro","70409000024","4103362954","WGS84","19S","-267503292775552","-699017243890047","ACTIVO","","18000","19932","27000","29898","444","2/10/1999","","","45091349753739","123612877945337"
"0140-3N","79664570-9","SOC. MINERA CANDELARIA","PLANTA CORONA","CORONA","TRANQUE DE RELAVE","COBRE","METÁLICO","1","3","31","3101","Atacama","Copiapó","Copiapó","69695343833","3678128483","WGS84","19S","-273911149337763","-703369138676889","INACTIVO","EJE CENTRAL","31733","28408","47600","42613","571","6/2/1986","","","353963733439968","842432842429318"
"0141-3N","76353771-4","MINE TRADE SPA","PLANTA PUERTO RICO","PUERTO RICO 0-1-2","TRANQUE DE RELAVE","COBRE","METÁLICO","1","3","31","3101","Atacama","Copiapó","Copiapó","6969678096","3672203869","WGS84","19S","-273897602979675","-703428888985387","INACTIVO","EJE CENTRAL","46800","","70200","","1275","10/23/1992","271","6/2/2016","450640997995869","123957902181386"
"0142-3N","79973750-7","MINEX S.A.","PLANTA SAN EDUARDO","DEPOSITO 1","EMBALSE","COBRE","METÁLICO","0","3","31","3101","Atacama","Copiapó","Copiapó","69669535976","3659625638","WGS84","19S","-274142273562852","-703559073267889","INACTIVO","EXCAVACION TERRENO","4062","2084","5100","3126","124","3/20/2015","","","14626241351305","124577738992374"
"0148-3N","81490200-5","CIA. MINERA FALDA VERDE","PLANTA FALDA VERDE","FALDA VERDE","EMBALSE","COBRE","METÁLICO","1","3","32","3201","Atacama","Chañaral","Chañaral","70878267748","3397488495","WGS84","19S","-263204959530994","-706055213505637","INACTIVO","","333334","","500000","","2417","8/11/2011","","","915251525501302","495316879780666"
"0151-3N","79664330-7","GRUPO MINERO CAROLA COEMIN","PLANTA CERRILLOS","TRANQUE DE RELAVE 1","TRANQUE DE RELAVE","COBRE","METÁLICO","1","3","31","3103","Atacama","Copiapó","Tierra Amarilla","69505137412","3772770455","WGS84","19S","-2756367671037","-702431396201209","ACTIVO","AGUAS ABAJO","3027649","1858469","4541474","2847539","577","5/20/1996","4","1/2/2013","350230907033664","486615875461006"
"0154-3N","83714300-4","CIA. EXPLORACION DE MINAS SAN ANDRES","PLANTA ELISA DE BORDOS","ELISA DE BORDOS 1","TRANQUE DE RELAVE","COBRE","METÁLICO","1","3","31","3103","Atacama","Copiapó","Tierra Amarilla","69333765017","3827823086","WGS84","19S","-27718842068761","-701890545682009","INACTIVO","AGUAS ARRIBA","900000","","1350000","","205","2/18/1985","","","12355216770485","824373508100672"
"0157-3N","85272800-0","CIA. CONTRACTUAL MINERA CANDELARIA","CANDELARIA","CANDELARIA","TRANQUE DE RELAVE","COBRE","METÁLICO","3","3","31","3103","Atacama","Copiapó","Tierra Amarilla","69568270356","370484438","WGS84","19S","-275060632295066","-703112554832461","INACTIVO","AGUAS ABAJO","375707862","367279997","563561793","550919996","771","4/13/2016","291","3/3/2009","119669798967128","475132895114862"
"0179-3N","4768594-K","EXEQUIEL BUGUEÑO","SANTA ROSA","SANTA ROSA 1","EMBALSE","ORO","METÁLICO","1","3","31","3101","Atacama","Copiapó","Copiapó","69654261079","3702334665","WGS84","19S","-274284273749047","-703128757643278","ACTIVO","","15772","","23658","","","","","","43649493426107","977765195087613"
"0196-3N","sin rut conocido","SCM ZEPOLAC","PLANTA DON LUIS","DON LUIS 2","TRANQUE DE RELAVE","COBRE","METÁLICO","1","3","31","3103","Atacama","Copiapó","Tierra Amarilla","69593029558","3725706353","WGS84","19S","-274839138671811","-70289878035627","INACTIVO","AGUAS ARRIBA","10000","","15000","","566","6/2/1986","","","846703064839144","212302169839096"
"0197-3N","sin rut conocido","VICTOR JENSEN","PLANTA LA FLORIDA","LA FLORIDA 1","TRANQUE DE RELAVE","ORO","METÁLICO","1","3","31","3101","Atacama","Copiapó","Copiapó","69656880675","3750590082","WGS84","19S","-274265142233386","-70264037615937","INACTIVO","AGUAS ARRIBA","3000","","4500","","567","6/2/1986","","","424578498104077","113931157696657"
"0199-3N","76309389-1","ACIBOL SpA","PLANTA IRMITA","EMBALSE DE RELAVES","EMBALSE","COBRE","METÁLICO","1","3","31","3101","Atacama","Copiapó","Copiapó","69680000265","3663020182","WGS84","19S","-274048161142602","-703523592071343","INACTIVO","","280495","212437","420743","318656","349","7/25/2013","","","321435407049132","637427363865965"
"0202-3N","8993045-6","NATIMAN FLORES DIAZ","PLANTA OJOS DE AGUA","OJOS DE AGUA","EMBALSE","ORO","METÁLICO","1","3","31","3101","Atacama","Copiapó","Copiapó","69675714213","3663085979","WGS84","19S","-274086851556107","-703523397678212","ACTIVO","NO APLICA","16667","","25000","8340","443","4/29/1997","316","4/25/2014","35657823725974","861030286675797"
"0203-3N","94638000-8","CIA. MINERA DEL PACIFICO","CERRO NEGRO NORTE","CERRO NEGRO NORTE","ESPESADO","HIERRO","METÁLICO","1","3","31","3101","Atacama","Copiapó","Copiapó","69986909984","3649096001","WGS84","19S","-27127671919077","-703630570704192","ACTIVO","NO APLICA","61000000","17023480","110000000","30642264","2856","11/9/2017","1932","7/30/2015","572455677827814","20660463150382"
"0205-4N","94638000-8","CIA. MINERA DEL PACIFICO","FAENAS EL ROMERAL","EL ROMERAL","EMBALSE","HIERRO","METÁLICO","1","4","41","4101","Coquimbo","Elqui","La Serena","67095400516","2850317445","WGS84","19S","-297257057683363","-712224859376893","INACTIVO","","7700000","","11550000","","833","11/28/1994","1879","10/5/2009","205009897372123","235805143961364"
"0207-3N","96561560-1","SOC. PUNTA DEL COBRE S.A.","PLANTA SAN JOSE","LAS CRUCES","TRANQUE DE RELAVE","COBRE","METÁLICO","1","3","31","3101","Atacama","Copiapó","Copiapó","69629709734","3689649215","WGS84","19S","-274504649796096","-703259720152912","ACTIVO","EJE CENTRAL","53533333","46724602","80300000","77095593","952","4/4/2018","384","4/16/2007","562396740250118","173308884201251"
"0211-3N","99531960-8","MINERA LUMINA COPPER CHILE LTDA.","CASERONES","ARENAS EL TAMBO","TRANQUE DE RELAVE","COBRE","METÁLICO","0","3","31","3103","Atacama","Copiapó","Tierra Amarilla","68816704034","4456729048","WGS84","19S","-281896000729189","-695535067166275","ACTIVO","NO APLICA","380000000","18071705","570000000","62853799","3370","11/2/2011","306","2/6/2012","593936604579656","84963923305018"
"0220-3N","sin rut conocido","HERNAN SOLIS","PLANTA SOLIS","SOLIS 1","TRANQUE DE RELAVE","ORO","METÁLICO","1","3","33","3301","Atacama","Huasco","Vallenar","68403453542","3275458099","WGS84","19S","-285523035829214","-707628828449842","INACTIVO","AGUAS ARRIBA","2000","","3000","","","","","","351570318213695","687909052609841"
"0223-3N","sin rut conocido","MARTIN HERNANDEZ","PLANTA HERNANDEZ","TRANQUE DE RELAVE","ACOPIO","COBRE","METÁLICO","","3","32","3202","Atacama","Chañaral","Diego de Almagro","70402658126","4093054526","WGS84","19S","-267559882846674","-699121359587699","INACTIVO","NO APLICA","8047","","12071","","568","6/2/1986","","","313159199175284","504405870271727"
"0232-3N","sin rut conocido","CIA. MINERA HORUS","PLANTA LA PEPA","LA PEPA 1","TRANQUE DE RELAVE","COBRE","METÁLICO","1","3","31","3103","Atacama","Copiapó","Tierra Amarilla","69846987722","4712429019","WGS84","19S","-272603129842403","-692905169398635","INACTIVO","EJE CENTRAL","290000","","435000","","1090","11/14/1989","","","131977117751962","63194696901092"
"0234-3N","sin rut conocido","CIA. MINERA SAN ESTEBAN","PLANTA SAN ESTEBAN","SAN ESTEBAN 1","TRANQUE DE RELAVE","COBRE","METÁLICO","1","3","31","3101","Atacama","Copiapó","Copiapó","69691326379","370243147","WGS84","19S","-27394974320893","-703123824167464","INACTIVO","","67200","","100800","","","","","","287232278583433","519825982306918"
"0242-3N","sin rut conocido","OSCAR ROJAS GARIN","PLANTA GOLD SILVER","GOLD SILVER","TRANQUE DE RELAVE","ORO","METÁLICO","1","3","32","3202","Atacama","Chañaral","Diego de Almagro","70404659164","4096492372","WGS84","19S","-267542039971053","-699086644205236","INACTIVO","EJE CENTRAL","9600","","14400","","776","8/20/1985","","","435981430268216","105802388517672"
"0251-3N","sin rut conocido","CESAR FLORES","BOQUERON CHAÑAR","TRANQUE DE RELAVE","TRANQUE DE RELAVE","COBRE","METÁLICO","1","3","33","3301","Atacama","Huasco","Vallenar","68948791574","3337324954","WGS84","19S","-280610556749333","-706918584623293","ACTIVO","AGUAS ARRIBA","68600","","89000","","","","","","154949692712321","118638220575104"
"0258-3N","77202800-8","CIA. MINERA POTRERILLOS","DIEGO DE ALMEYDA","DEPOSITO RELAVE FILTRADO","FILTRADO","COBRE","METÁLICO","0","3","32","3202","Atacama","Chañaral","Diego de Almagro","70842642586","3991381561","WGS84","19S","-263580868173329","-700108882013595","ACTIVO","NO APLICA","570000","140958","1117200","276278","2414","10/3/2017","","","120927159097458","673031491505186"
"0260-3N","76101725-K","MINERA GOLD FIELDS SALARAES NORTE SpA","SALARES NORTE","SALARES NORTE","FILTRADO","COBRE","METÁLICO","0","3","32","3202","Atacama","Chañaral","Diego de Almagro","71224899427","5123266748","WGS84","19S","-260164379948156","-688768118255196","ACTIVO","NO APLICA","14800000","","22200000","","797","4/4/2020","","","210605705207108","240438655473887"
"0282-4N","85758600-K","COMPAÑIA MINERA ZALDIVAR LTDA.","FAENA EL INDIO","PASTOS LARGOS","TRANQUE DE RELAVE","COBRE","METÁLICO","1","4","41","4106","Coquimbo","Elqui","Vicuña","67035923728","4033025957","WGS84","19S","-297942603891366","-700005058431054","INACTIVO","AGUAS ABAJO","3200000","","4800000","","","","3491","11/10/2003","213083066737863","853488657058178"
"0288-4N","85871200-9","CIA. MINERA ARENILLAS (BELTRAN AMENABAR)","PLANTA PALMIRA","PALMIRA 1","TRANQUE DE RELAVE","ORO","METÁLICO","1","4","41","4103","Coquimbo","Elqui","Andacollo","66544557622","2996780769","WGS84","19S","-302249495364842","-71081484322314","INACTIVO","AGUAS ARRIBA","480000","","720000","","","","","","362687318826034","648522591116665"
"0303-4N","7952388-7","ALEJANDRO BOU BOU","PLANTA ROSARIO DE COGOTI","ROSARIO 1","TRANQUE DE RELAVE","COBRE","METÁLICO","1","4","43","4302","Coquimbo","Limarí","Combarbalá","65582015021","3169190491","WGS84","19S","-310957564642711","-709195116887587","INACTIVO","","2400","","3600","","","","","","332918446975011","461986223729125"
"0367-4N","96571770-6","COMPAÑIA MINERA FLORIDA S.A.","FAENA TAMBILLOS","TRANQUE DE RELAVE 3","TRANQUE DE RELAVE","COBRE","METÁLICO","1","4","41","4102","Coquimbo","Elqui","Coquimbo","6656751648","2839965613","WGS84","19S","-302015581962963","-712438551870777","INACTIVO","AGUAS ARRIBA","171114","","256671","","184","9/10/2002","","","685659899389184","295426940835101"
"0383-4N","77603897-0","GESTIONES E INVERSIONES SAN FRANCISCO SPA","FAENA BLANCA AURORA","TRANQUE DE RELAVES PLANTA BLANCA AURORA","TRANQUE DE RELAVE","COBRE","METÁLICO","1","4","41","4104","Coquimbo","Elqui","La Higuera","67490198678","2960614504","WGS84","19S","-293714979511338","-711011380860683","ACTIVO","AGUAS ABAJO","78431","","120000","","727","12/23/2024","","","399820804119517","100944228847287"
"0399-4N","77390538-K","LA HIGUERA MINERALS SPA","PROFESOR ALDO LETTURA","ALDO LETTURA","EMBALSE","COBRE","METÁLICO","1","4","41","4104","Coquimbo","Elqui","La Higuera","67521526161","2914767618","WGS84","19S","-293424908738814","-711477529060175","INACTIVO","EXCAVACION TERRENO","33500","","73700","","1261","8/22/2016","","","354372578236149","81594049275619"
"0412-4N","78801520-8","CIA. MINERA SAN GERONIMO","TALCUNA","SOCORRO 5","TRANQUE DE RELAVE","COBRE","METÁLICO","1","4","41","4106","Coquimbo","Elqui","Vicuña","66920359282","3168529685","WGS84","19S","-298887058696874","-708966375259864","INACTIVO","EJE CENTRAL","274332","","411498","","2169","10/6/2004","1530","5/15/2015","834696236471748","440160201207749"
"0420-4N","76480648-4","INVERSIONES TRES PLUMAS LTDA","PAJONALES","PAJONALES","TRANQUE DE RELAVE","COBRE","METÁLICO","1","4","41","4101","Coquimbo","Elqui","La Serena","66853132734","2941768665","WGS84","19S","-299457501278595","-711326310960813","INACTIVO","AGUAS ARRIBA","132000","","198000","","150","2/1/1985","","","655302032618409","278140647959412"
"0422-4N","79721970-3","MINERA DON ALBERTO","FAENA LAS VACAS","LAS VACAS 1","TRANQUE DE RELAVE","ORO","METÁLICO","1","4","42","4203","Coquimbo","Choapa","Los Vilos","64718762259","2805117204","WGS84","19S","-31867748410164","-713201181306847","INACTIVO","AGUAS ABAJO","262500","","380625","","652","8/28/1995","","","88660727854416","520650923642659"
"0438-4N","6894258-6","IVAN ALFREDO TELLO ANDRADE","PLANTA IVAN TELLO ANDRADE","TRANQUE 1","TRANQUE DE RELAVE","ORO","METÁLICO","1","4","43","4301","Coquimbo","Limarí","Ovalle","65784335347","2444108761","WGS84","19S","-308998438855622","-716740239964328","INACTIVO","EJE CENTRAL","35000","","52500","","","","","","258700551590946","31733205661725"
"0445-4N","76043773-5","SCM VENTANA MINERALS ","FAENA TRIMINERALS  EX LA COLONIA","EX LA COLONIA 1","TRANQUE DE RELAVE","ORO","METÁLICO","1","4","42","4201","Coquimbo","Choapa","Illapel","65033600578","2991205795","WGS84","19S","-315873267602143","-711170659442476","INACTIVO","AGUAS ARRIBA","4100","","6150","","180","2/5/1988","","","248973844146555","435277698385119"
"0449-4N","14575855-6","JUAN POLO DABED","FAENA TUNQUEN","TUNQUEN","TRANQUE DE RELAVE","COBRE","METÁLICO","1","4","42","4201","Coquimbo","Choapa","Illapel","6515399928","3014084471","WGS84","19S","-314791671185706","-710905468446181","ACTIVO","","1641600","35681","2462400","70971","1177","4/2/2003","","","946187930111666","356923125766985"
"0452-4N","77294324-5","MINERA BMR SPA","ALTOS DE PUNITAQUI","TAMAYA (EX LOS MANTOS 1-2)","TRANQUE DE RELAVE","COBRE","METÁLICO","1","4","43","4304","Coquimbo","Limarí","Punitaqui","65838025327","2864994508","WGS84","19S","-308597861240936","-712328720235967","INACTIVO","EJE CENTRAL","3157334","3021682","4736000","4532523","639","7/25/2008","2122","8/21/2015","112382425263383","8696426326544"
"0468-4N","79516980-6","CIA. MINERA PORTEZUELO","PLANTA PORTEZUELO","PORTEZUELO 1","TRANQUE DE RELAVE","ORO","METÁLICO","1","4","42","4201","Coquimbo","Choapa","Illapel","65021707571","2983256782","WGS84","19S","-315979106386524","-711256820779676","INACTIVO","AGUAS ARRIBA","46186","","69279","","411","4/10/1984","3313","10/13/2003","431716006767231","119436620998393"
"0471-4N","78199020-5","SLM FLAMENCA UNA DE FARELLON SANCHEZ","FAENA SLM FLAMENCA UNA DE FARELLON SANCHEZ","LETICIA 1","TRANQUE DE RELAVE","ORO","METÁLICO","1","4","42","4201","Coquimbo","Choapa","Illapel","65183873795","3077940621","WGS84","19S","-314533093713374","-710227830717496","INACTIVO","AGUAS ARRIBA","7350","","11025","","","","","","356940942635339","905617513076838"
"0475-4N","4244655-6","MANUEL AGUIRRE BUSTAMANTE","FAENA LA FORTUNA","LA FORTUNA 1","TRANQUE DE RELAVE","COBRE","METÁLICO","1","4","42","4201","Coquimbo","Choapa","Illapel","65230410047","3018316939","WGS84","19S","-314103432214273","-710845673925159","INACTIVO","AGUAS ARRIBA","1345","","2017","","1002","10/19/1987","913","3/25/2014","328850127712711","53726044473117"
"0479-4N","76120887-K","EDUARDO LERY LERY","FAENA KATTIA","KATTIA 1","TRANQUE DE RELAVE","COBRE","METÁLICO","1","4","42","4201","Coquimbo","Choapa","Illapel","65270862799","3031028926","WGS84","19S","-313740846755342","-710704020072745","INACTIVO","AGUAS ARRIBA","85388","","128082","","204","2/7/1986","1894","7/27/2015","428436201438996","131921224218761"
"0488-4N","96790240-3","MINERA LOS PELAMBRES","FAENA LOS PELAMBRES","EL CHINCHE","TRANQUE DE RELAVE","COBRE","METÁLICO","1","4","42","4204","Coquimbo","Choapa","Salamanca","6475771741","3493838026","WGS84","19S","-318438172042922","-705917917175459","INACTIVO","","2820100","","4230150","","","","1603","6/15/2015","304961713980579","2250334380796"
"0500-4N","89274000-3","COMPAÑIA EXPLOTADORA DE MINAS SPA","LOS PINGOS","LOS PINGOS 1","TRANQUE DE RELAVE","COBRE","METÁLICO","1","4","43","4303","Coquimbo","Limarí","Monte Patria","65751888709","3570818522","WGS84","19S","-309481111934828","-704961668566006","INACTIVO","","346939","","520408","","2930","10/29/2010","259","2/9/2016","784564081942607","402688405220106"
"0501-RM","89274000-3","CEMIN","PLANTA BATUCO","EMBALSE DE RELAVES","EMBALSE","COBRE","METÁLICO","1","13","133","13302","Metropolitana de Santiago","Chacabuco","Lampa","63187711797","3290137872","WGS84","19S","-332565303312594","-708355817697864","INACTIVO","","26636","","39954","","69","1/17/1992","771","8/7/2007","642208425664314","155845009636529"
"0505-4N","79735190-3","SLM TESORO I DE LA HIGUERA","FAENA TESORO","TESORO 1-2-3","TRANQUE DE RELAVE","COBRE","METÁLICO","1","4","41","4104","Coquimbo","Elqui","La Higuera","6750130077","2994377008","WGS84","19S","-293620277658685","-710661699167917","INACTIVO","AGUAS ARRIBA","51206","","76809","","","","1292","5/3/2002","688330078912503","209163499895407"
"0510-4N","12445826-9","DINKA RAMIREZ ALBALLAY ","SAN LUIS","SAN LUIS","TRANQUE DE RELAVE","COBRE","METÁLICO","1","4","41","4101","Coquimbo","Elqui","La Serena","66762662489","3036267851","WGS84","19S","-300288923415785","-710364339854896","INACTIVO","AGUAS ARRIBA","33163","33278","49745","47984","825","8/30/1989","","","335376808294572","645259967235983"
"0529-4N","76644818-6","INVERSIONES MINERAS PIZARRO SPA","FAENA MARIANITA","TRANQUE MARIANITA","TRANQUE DE RELAVE","ORO","METÁLICO","1","4","41","4106","Coquimbo","Elqui","Vicuña","66794012885","3068990386","WGS84","19S","-300011380123273","-710019492755253","INACTIVO","AGUAS ARRIBA","70000","72848","105000","109272","2147","10/15/2014","2147","10/15/2014","404734459307301","103135392430603"
"0531-4N","4953204-0","PEDRO FLORES DIAZ","PLANTA HORIZONTE","HORIZONTE 1","TRANQUE DE RELAVE","ORO","METÁLICO","1","4","42","4201","Coquimbo","Choapa","Illapel","65176870426","3054646793","WGS84","19S","-314592347369766","-710474217834903","INACTIVO","AGUAS ARRIBA","6300","","9450","","498","6/1/1987","625","4/9/2001","241180077216775","35217002981236"
"0537-4N","85388000-0","SOC. MINERA CALIFORNIA (VICTOR NAZER)","FAENA NUEVA CALIFORNIA","TRANQUE DE RELAVES 1","TRANQUE DE RELAVE","COBRE","METÁLICO","1","4","42","4201","Coquimbo","Choapa","Illapel","65054928252","3006143469","WGS84","19S","-315683568531132","-711009006581739","ACTIVO","AGUAS ABAJO","687388","101985","962000","68001","5","2/1/2006","","","58506469849951","211663791164605"
"0544-4N","6767792-7","SLM LA FORTUNA (GABRIEL GUERRA OLIVARES)","FAENA EL CANELILLO","EL CANELILLO","TRANQUE DE RELAVE","COBRE","METÁLICO","1","4","42","4201","Coquimbo","Choapa","Illapel","65227460428","3018704492","WGS84","19S","-314130094199681","-710842187657463","INACTIVO","AGUAS ARRIBA","24216","","36324","","644","7/17/1987","","","382212385973577","845775857052636"
"0545-4N","76102677-1","SCM HMC GOLD","TAMBO DE ORO","TAMBO DE ORO","FILTRADO","ORO","METÁLICO","0","4","43","4304","Coquimbo","Limarí","Punitaqui","65844687967","2873677368","WGS84","19S","-308539349455484","-712236582524427","ACTIVO","NO APLICA","1338127","927712","2489304","1855424","1773","10/13/2022","","","176593302913216","163155893849554"
"0548-4N","6854266-9","JAIME PEREZ GOMEZ","FAENA EL ROMERO","EL ROMERO 2","TRANQUE DE RELAVE","COBRE","METÁLICO","1","4","42","4201","Coquimbo","Choapa","Illapel","65222795323","3042344925","WGS84","19S","-314176177587781","-71059455945668","ACTIVO","EJE CENTRAL","22184","19862","33277","29793","212","1/23/1998","","","484220311262323","142850447251843"
"0549-4N","6965512-2","FERNANDO YOUNG UGALDE","PLANTA - TRAPICHE YOUNG (EX PLANTA CANELA)","CANELA","EMBALSE","ORO","METÁLICO","1","4","42","4202","Coquimbo","Choapa","Canela","65226753921","2654442371","WGS84","19S","-314068450378764","-714671414874741","ACTIVO","EJE CENTRAL","14000","","21000","","262","2/27/2018","","","288546263398924","573670711218093"
"0550-4N","7054461-K","OSCAR SEGOVIA ORTIZ","PLANTA SANTA CAMILA","TRANQUE DE RELAVE","TRANQUE DE RELAVE","COBRE","METÁLICO","1","4","43","4304","Coquimbo","Limarí","Punitaqui","65833173245","2853538095","WGS84","19S","-308639538410875","-712449478200405","INACTIVO","EJE CENTRAL","12653","1864","17400","261","1812","12/21/2015","475","5/10/2013","262292654612096","415366667202381"
"0562-4N","76418856-K","MILLAPEL S.A","FAENA ILLAPEL","ILLAPEL ","EMBALSE","COBRE","METÁLICO","1","4","42","4201","Coquimbo","Choapa","Illapel","65218979584","3019701809","WGS84","19S","-314206733572947","-71083339303593","INACTIVO","","271334","50667","407000","76","1020","11/16/2010","","","572642588067476","217671467329796"
"0563-4N","76099198-8","SOC. EXPLOTADORA MINERA RA LTDA.","NICOLAS YABER","EMBALSE DE RELAVE","EMBALSE","COBRE","METÁLICO","1","4","41","4104","Coquimbo","Elqui","La Higuera","6753245389","2915375378","WGS84","19S","-293326450601845","-711469206735992","ACTIVO","AGUAS ABAJO","324793","233506","552148","316148","836","3/19/2012","","","171163869882642","77814683625247"
"0564-4N","76938058-2","SANTA MARIA VERONICA SPA","PLANTA MIRANDA","MIRANDA","TRANQUE DE RELAVE","COBRE","METÁLICO","1","4","41","4103","Coquimbo","Elqui","Andacollo","66512949654","299977238","WGS84","19S","-302535039416594","-710789776375082","INACTIVO","EJE CENTRAL","36267","10182","50773","15273","3","1/19/2006","","","418268439341571","927113785440531"
"0570-4N","77474540-8","CIA. MINERA DELIRIO EIRL (JOSE ALVAREZ)","FAENA LAS ROJAS","LAMAS 1","EMBALSE","COBRE","METÁLICO","0","4","41","4101","Coquimbo","Elqui","La Serena","66815585884","3016899981","WGS84","19S","-299808495808717","-710555236232398","ACTIVO","EXCAVACION TERRENO","49087","49961","73630","74941","637","6/20/2013","","","486485680816115","872291910712824"
"0575-4N","76041198-1","OMINT SPA","FAENA TALCUNA ","PANULES","TRANQUE DE RELAVE","COBRE","METÁLICO","1","4","41","4106","Coquimbo","Elqui","Vicuña","66920417362","3142739134","WGS84","19S","-298882669141745","-709233322737318","ACTIVO","EJE CENTRAL","2872015","2126725333","4308023","3190088","1311","6/28/2016","1930","6/30/2015","194853227503673","138943060045031"
"0578-4N","76041198-1","OMINT SPA","FAENA TALCUNA","TALCUNA 2","TRANQUE DE RELAVE","COBRE","METÁLICO","1","4","41","4106","Coquimbo","Elqui","Vicuña","66918160517","3176064546","WGS84","19S","-298908010402974","-70888875511785","INACTIVO","AGUAS ARRIBA","211876","","317814","","","","","","202760997970172","275110409552411"
"0582-4N","77060502-4","COMPAÑIA MINERA RINCONADA SPA","FAENA LINDEROS","LA REPRESA","TRANQUE DE RELAVE","COBRE","METÁLICO","1","4","41","4106","Coquimbo","Elqui","Vicuña","66825942454","3072153729","WGS84","19S","-299723901774367","-709980944781613","INACTIVO","EJE CENTRAL","2566667","2072656","3850000","3108984","315","3/18/1985","1009","4/13/2015","204620586054783","132425745696367"
"0585-4N","78248130-4","SOC. AGUIRRE MOYANO LTDA.","FAENA EL MAITEN","PONIENTE","TRANQUE DE RELAVE","ORO","METÁLICO","1","4","42","4201","Coquimbo","Choapa","Illapel","64945703143","2864197425","WGS84","19S","-316642821342306","-712527440058024","INACTIVO","EJE CENTRAL","15953","","23930","","2989","12/30/2002","","","217276658098419","299929209030176"
"0588-4N","85871200-9","CIA. MINERA ARENILLAS (BELTRAN AMENABAR)","FAENAS MINERA ARENILLAS","RELAVES ANTIGUOS","ACOPIO","ORO","METÁLICO","","4","41","4103","Coquimbo","Elqui","Andacollo","66568142041","2992473852","WGS84","19S","-302036092245675","-710855081957886","INACTIVO","NO APLICA","800","","1100","","","","","","209407493118363","220576687818375"
"0595-4N","2807845-5","HUMBERTO RIVERA C.","PLANTA LA CABRA Y TALINAY","LA CABRA Y TALINAY","ACOPIO","COBRE","METÁLICO","","4","43","4301","Coquimbo","Limarí","Ovalle","65766971898","2438088825","WGS84","19S","-30915364039742","-716807528539753","ACTIVO","NO APLICA","108353","","162529","","822","8/30/1989","","","164774142987762","130612189349719"
"0609-4N","96894030-9","MINERA LA PUNTILLA (PATRICIO GATICA R.)","EL ARENAL","PLANTA ILLAPEL Nº3","TRANQUE DE RELAVE","ORO","METÁLICO","1","4","42","4201","Coquimbo","Choapa","Illapel","65000694629","2965547363","WGS84","19S","-316165440841181","-711447714736904","ACTIVO","EJE CENTRAL","456192","200895","684288","327358","58","1/18/1990","","","591551572719739","228686686854945"
"0635-4N","76938058-2","SUC. LUIS MIRANDA ANSIETA","PLANTA MIRANDA ABANDONADA","TRANQUE DE 1-2","TRANQUE DE RELAVE","ORO","METÁLICO","1","4","41","4103","Coquimbo","Elqui","Andacollo","66530322846","2994921241","WGS84","19S","-302377561943003","-710836862326267","INACTIVO","AGUAS ARRIBA","145920","","211584","","","","","","727112108224169","226333692790542"
"0658-4N","76021464-7","MINERA BARBA SCM","PLANTA BARBA","EMBALSE DE RELAVE","EMBALSE","COBRE","METÁLICO","1","4","43","4302","Coquimbo","Limarí","Combarbalá","65448458708","3036448645","WGS84","19S","-312140392908411","-710612170191331","ACTIVO","EJE CENTRAL","60864","","91296","","416","4/29/2013","","","511812289087659","164970203743116"
"0669-4N","4236489-4","JOSE ASTORGA CASTILLO","LA PALMA","LA PALMA","EMBALSE","COBRE","METÁLICO","1","4","42","4202","Coquimbo","Choapa","Canela","65419083131","2539045837","WGS84","19S","-312310951191001","-715836762299265","ACTIVO","EJE CENTRAL","28120","","42180","","756","5/26/2017","","","303532203878349","371645799433517"
"0670-3N","9466348-2","SOTRATEC-MINART LTDA.","PLANTA EL CATEADOR","TRANQUE DE RELAVE","TRANQUE DE RELAVE","COBRE","METÁLICO","1","3","31","3101","Atacama","Copiapó","Copiapó","69675400651","3660140581","WGS84","19S","-274089392410082","-703553219294226","INACTIVO","AGUAS ABAJO","35120","","52680","","525","5/20/1998","","","226777555968933","322153594835096"
"0680-5C","7444635-3","ALEJANDRO LOPEZ ALIAGA","PLANTA VETA DEL AGUA","VETA DEL AGUA 6","EMBALSE","ORO","METÁLICO","1","5","55","5506","Valparaíso","Quillota","Nogales","63818385094","2997937766","WGS84","19S","-326830105061874","-711353607607985","ACTIVO","","358795","318222667","538192","477334","1784","6/20/2011","","","509728501284294","135481988543035"
"0686-5C","76508460-1","COMERCIAL E INVERSIONES HASPARREN","PLANTA MINERA BLACK COLT","ZORRITO","EMBALSE","ORO","METÁLICO","1","5","54","5404","Valparaíso","Petorca","Petorca","64341419022","3237689968","WGS84","19S","-322155177065329","-708700032809234","INACTIVO","EJE CENTRAL","36000","52304","72000","78456","78","2/17/2011","","","534540350058578","177708899774942"
"0691-5C","77066588-4","MINERA PAKMIN SpA","MINAS Y PLANTA BELLAVISTA","EMBALSE DE RELAVES 3","EMBALSE","COBRE","METÁLICO","1","5","57","5701","Valparaíso","San Felipe de Aconcagua","San Felipe","63815079397","3321591584","WGS84","19S","-326913914406962","-707903768929507","INACTIVO","","125000","","187500","","449","5/7/1996","","","594212713103358","211903019815702"
"0694-5C","77762940-9","ANGLO AMERICAN SUR S.A.","EL SOLDADO","EL COBRE 1","TRANQUE DE RELAVE","COBRE","METÁLICO","1","5","55","5506","Valparaíso","Quillota","Nogales","63840282079","2986113185","WGS84","19S","-326630562351167","-711474925085409","INACTIVO","AGUAS ARRIBA","2350000","","3525000","","","","2417","9/29/2015","611908794032354","244272640760887"
"0699-RM","77762940-9","ANGLO AMERICAN SUR S.A.","LOS BRONCES","PEREZ-CALDERA 1","TRANQUE DE RELAVE","COBRE","METÁLICO","","13","131","13115","Metropolitana de Santiago","Santiago","Lo Barnechea","63251363247","3750566654","WGS84","19S","-332054463086733","-703405626165806","INACTIVO","","12000000","","18000000","","310","3/11/1992","855","9/28/2010","180378988361102","119436180287694"
"0704-5C","78200830-7","CIA. MINERA PULLALLI LTDA.","PLANTA PULLALLI","PULLALLI","EN PASTA","ORO","METÁLICO","1","5","54","5401","Valparaíso","Petorca","La Ligua","6413151211","2820077396","WGS84","19S","-323973985593095","-713176690154419","ACTIVO","NO APLICA","1265369","792848","1702926","1424348","3369","11/2/2011","1996","10/26/2009","132114164856493","974288526264273"
"0709-5C","79963260-8","MINERA LAS CENIZAS S.A.","LAS CENIZAS CABILDO","LAS CENIZAS 4","TRANQUE DE RELAVE","COBRE","METÁLICO","1","5","54","5402","Valparaíso","Petorca","Cabildo","64107531923","3044438941","WGS84","19S","-324231776438778","-710797692765072","INACTIVO","EJE CENTRAL","11000000","10727367","16500000","16091051","691","4/30/1999","744","9/25/2012","249471697781921","334676501553116"
"0710-5C","79963260-8","MINERA LAS CENIZAS S.A.","PLANTA CABILDO","DEPOSITO RELAVE ESPESADO INTERIOR MINA (DREIM)","DRIM","COBRE","METÁLICO","0","5","54","5402","Valparaíso","Petorca","Cabildo","6409485761","3049266225","WGS84","19S","-324346885064897","-710749000198339","INACTIVO","NO APLICA","2329545","2275399","4100000","4777427","2604","12/26/2005","1956","8/3/2015","60150909580707","163003801263819"
"0712-5C","84542800-K","CIA. MINERA LA PATAGUA","LA PATAGUA","LA PATAGUA 1","TRANQUE DE RELAVE","COBRE","METÁLICO","1","5","54","5401","Valparaíso","Petorca","La Ligua","63977110666","2997325484","WGS84","19S","-325399136926985","-711326178400078","INACTIVO","EJE CENTRAL","230000","","345000","","1082","12/31/1997","","","511612594762637","163130186398268"
"0719-5C","96623630-2","CIA. MINERA CAN CAN S. A.","BRONCE DE PETORCA","TERRAZAS 1","TRANQUE DE RELAVE","ORO","METÁLICO","1","5","54","5404","Valparaíso","Petorca","Petorca","64327133538","3152346933","WGS84","19S","-322270260266637","-709607936513145","INACTIVO","","570000","","855000","","442","2/10/1999","","","908845878899937","451499466137969"
"0727-5C","65529570-4","SINDICATO PIRQUINEROS DE PETORCA","LA VEGA","EMBALSE DE RELAVES DEL SINDICATO INDEPENDIENTE DE PIRQUINEROS DE PETORCA","EMBALSE","COBRE","METÁLICO","1","5","54","5404","Valparaíso","Petorca","Petorca","64333971029","323141671","WGS84","19S","-322221346702637","-70876794839836","ACTIVO","","5175","","8280","","3883","12/24/2003","","","146148875132406","123769821936181"
"0732-7C","99572740-4","MIGRIN S.A.","LAS PIEDRAS","DEPOSITO DE LODOS ANTIGUO","EMBALSE","SILICE","NO METÁLICO","1","7","71","7104","Maule","Talca","Empedrado","60580064096","1916218826","WGS84","19S","-355736603023474","-724026961929138","ACTIVO","","307232","341338","430125","525762","567","7/12/2010","","","211806504065309","207754043045146"
"0747-5C","76316627-9","PLANTA CONCENTRADORA DE MINERALES CHINCOLCO SPA","PLANTA CHINCOLCO","EMBALSE DE RELAVES MANUEL FERNANDEZ","EMBALSE","COBRE","METÁLICO","1","5","54","5404","Valparaíso","Petorca","Petorca","6433491392","3233827749","WGS84","19S","-322213224554727","-708742200063377","ACTIVO","","111166","86550","166750","129826","1130","10/26/2015","","","468093405418716","14700770219743"
"0749-5C","76430769-0","ANTAWARA SpA","ANTAWARA","ANTAWARA","EMBALSE","COBRE","METÁLICO","1","5","54","5404","Valparaíso","Petorca","Petorca","64356914321","3235290348","WGS84","19S","-322015084011821","-708722620281407","ACTIVO","","49950","11366","89910","17050","1006","9/12/2016","","","589101340451033","213721280218166"
"0757-RM","85466200-7","MINERA SAN PEDRO S.A","PLANTA POLCURA INTEGRADA","EMBALSE DE RELAVES","EMBALSE","COBRE","METÁLICO","1","13","133","13303","Metropolitana de Santiago","Chacabuco","Tiltil","63355937576","3214577672","WGS84","19S","-331036501095036","-709133589612664","ACTIVO","","134400","220396","208200","330594","364","4/16/2008","1833","10/8/2009","169394471551312","715984807896492"
"0759-RM","91337000-7","CEMENTO POLPAICO S.A.","CERRO BLANCO","TRANQUE RELAVE 1-2-3-4","TRANQUE DE RELAVE","CALIZA","NO METÁLICO","1","13","133","13303","Metropolitana de Santiago","Chacabuco","Tiltil","63313231293","3291961406","WGS84","19S","-331433976029448","-708312670312813","INACTIVO","EJE CENTRAL","8265000","","12397500","","407","4/26/1996","2016","8/11/2015","308456221015674","581591060051916"
"0773-6C","89980400-7","CIA. MINERA EL INGLES","PLANTA EL INGLES","EL INGLES","EMBALSE","ORO","METÁLICO","1","6","61","6101","Libertador General Bernardo O'Higgins","Cachapoal","Rancagua","62283185197","3281989965","WGS84","19S","-340718027153392","-708618136495471","INACTIVO","","175000","109506","259200","16207","84","1/17/2014","39","3/20/2015","780059767322691","408651110749297"
"0778-6C","96595400-7","MINERA VALLE CENTRAL S.A.","MINERA VALLE CENTRAL S.A.","COLIGUE","EMBALSE","COBRE","METÁLICO","2","6","61","6116","Libertador General Bernardo O'Higgins","Cachapoal","Requínoa","62075186084","3460178974","WGS84","19S","-342620839047576","-706724808686822","ACTIVO","","142000000","151484888667","213000000","227227333","1156","11/27/2006","2244","9/4/2015","221076787655556","678775558313601"
"0781-6C","76433896-0","SOC. MINERA LOS ROBLES SpA","PODER DE COMPRAS PLANTA CHILENO RUMANA DE CHANCON","CHANCON 1","TRANQUE DE RELAVE","COBRE","METÁLICO","1","6","61","6101","Libertador General Bernardo O'Higgins","Cachapoal","Rancagua","62276757448","3326734625","WGS84","19S","-340783218237297","-708134688251995","INACTIVO","","30660","","44457","","633","7/15/1996","","","708603283962402","31211276791286"
"0786-7C","76416883-6","MINERA TORO SPA","ESTANCIA FLORA","FLORA","TRANQUE DE RELAVE","SILICE","NO METÁLICO","1","7","71","7102","Maule","Talca","Constitución","60591566181","1745907008","WGS84","19S","-355578617359822","-725898375843605","ACTIVO","","120000","","180000","","","","","","683913341307122","299469458429084"
"0787-7C","76026585-3","MINERA FARO CARRANZA","FARO CARRANZA","LOANCO 9","TRANQUE DE RELAVE","SILICE","NO METÁLICO","1","7","72","7202","Maule","Cauquenes","Chanco","60572505438","1749298358","WGS84","19S","-355751255616224","-725868682155069","ACTIVO","","189000","","283500","","","","","","838836809253387","386230182343023"
"0788-11S","77053711-8","SOCIEDAD MINERA PACIFICO DEL SUR SPA","FAENA EL TOQUI","TOQUI","TRANQUE DE RELAVE","ZINC","METÁLICO","1","11","111","11101","Aysén del General Carlos Ibáñez del Campo","Coihaique","Coihaique","50088450437","2681795136","WGS84","19S","-45035916766913","-719431527030382","INACTIVO","","331986","","497979","","507","5/4/1983","252","3/23/2010","843126043807341","409088779970893"
